Tweet Content,Date,User,Source,Tweet ID,Tweet URL
"@mohanwarusha I appreciate that feeling of joy, so cool to see someone else feel that. Half way through high school the SAT started letting me choose both Hispanic and white. Every standardized test before that I could only be one thing—3 questions in and I’d have an identity crisis every time",2019-11-01 02:27:24,Sprinkle_MD,Twitter Web App,1190092947250909185,https://twitter.com/statuses/1190092947250909185
will no longer be describing them as panic attacks - from now on im just ‘in crisis’,2019-11-01 02:27:21,maoistbaoist69,Twitter for iPhone,1190092934974201857,https://twitter.com/statuses/1190092934974201857
"Beat:F2, CRISIS COMPLAINT - GENERAL at 28XX BLOCK OF SW THISTLE ST reported on 10/31/2019 6:06 PM, Call# 19000406027",2019-11-01 02:27:20,SeattlePDF2,SPD Beat F2,1190092933220847617,https://twitter.com/statuses/1190092933220847617
"Depressing stuff from Scott Morrison. Out of step with where market (most of public) is on climate crisis & coal. 

Plus Australia still has massive non-coal future in commodities, servicing the EV market etc (nickel, lithium, maybe even cobalt, & more). 

https://t.co/cB1m7GvHvJ",2019-11-01 02:27:18,SamH7781,Twitter Web App,1190092922856718338,https://twitter.com/statuses/1190092922856718338
What's wrong with Pakistan. Below is the detail of how military dictator Musharraf did particularly in PIA and creating a humongous crisis of electricity shortfall which took serious efforts and time to resolve afterwards. 1/2 https://t.co/pA0K7onGts,2019-11-01 02:27:15,musmanmalik,Twitter for Android,1190092910508814337,https://twitter.com/statuses/1190092910508814337
"According to one governor of the ECB, it works as follows: ‘They threaten governments with financial destruction. They cut off refinancing and threaten to kill the banking system.They create a roll-over crisis in the bond market.This what happened to Italy in 2011.’ Remainers NB!",2019-11-01 02:27:00,profsked,Twitter for iPhone,1190092849116831746,https://twitter.com/statuses/1190092849116831746
"Serious question: Is the fact that the National Fraternal Order of Police doesn't understand the law, the Constitution, how investigations work or due process while parroting the dumbest Sean Hannity talking points any kind of national crisis? Or police are idiots, no biggie? https://t.co/rW2Z8X2D2a",2019-11-01 02:26:49,LOLBeReasonable,Twitter for Android,1190092803268923392,https://twitter.com/statuses/1190092803268923392
Zeroing in on food security as agricultural impacts of climate crisis become more apparent https://t.co/bbJQFcPySq via @physorg_com,2019-11-01 02:26:27,smokesdad28,Twitter Web Client,1190092707886227456,https://twitter.com/statuses/1190092707886227456
"POTUS Franklin D. Roosevelt delivered his first fireside chat, on the bank crisis, 8 days after taking office (March 12, 1933). The fireside chats were a series of evening radio shows given by “FDR"" between 1933 and 1944.
Is trump going to sit in the wheelchair too? TV or Radio? https://t.co/D7WnA8cYLe",2019-11-01 02:26:16,es4ideas,Twitter for iPhone,1190092663657132032,https://twitter.com/statuses/1190092663657132032
I am totally disappointed at the British government 's handling of the Hong Kong crisis.  British government has no guts to confront CCP over their mistreatment of Hong Kong 's One Country Two Systems & HK Police brutal/ruthless beatings of Hong Kong pro-democracy protesters. https://t.co/vruulq6ZQf,2019-11-01 02:26:07,Carwell95,Twitter Web App,1190092625514123264,https://twitter.com/statuses/1190092625514123264
"Leo Knight from True North on climate crisis and well, Trudeau/McKenna. Lol
Shocker right. 

https://t.co/KhmYnFCOuU",2019-11-01 02:25:50,jarrett673,Twitter for Android,1190092555200811009,https://twitter.com/statuses/1190092555200811009
Comment: The global warming hysteria and a crisis of truth and reason https://t.co/zQsB0mu8tI,2019-11-01 02:25:47,renee_kyllo,Twitter for iPhone,1190092542869569536,https://twitter.com/statuses/1190092542869569536
"@realDonaldTrump Rather than work hard to provide policy solutions to the pending debt crisis and many more problems. Instead, the only thing your little mind can think up is more of your dirty tricks in Ukraine. Poor you. I wish I could say that America deserves better but can't",2019-11-01 02:25:46,JasonVGoodwin,Twitter Web App,1190092537798758400,https://twitter.com/statuses/1190092537798758400
@thegwpfcom They're not building airports. They're building Climate Crisis Emergency Evacuation Centres.,2019-11-01 02:25:28,cdjstrydom,Twitter for Android,1190092461714104320,https://twitter.com/statuses/1190092461714104320
"Great PM 
Imran Khan is playing role of mediator in crisis b/w Saudi Arabia & Iran. Peace must prevail in world .and I'm with imran Khan 
#ImranKhan https://t.co/gm8Vio6yRC",2019-11-01 02:25:16,nasibulla3,Twitter for Android,1190092412942729216,https://twitter.com/statuses/1190092412942729216
Here's what the Earth could look like if we don't take steps to solve the climate crisis https://t.co/AehjA3e90L via @businessinsider,2019-11-01 02:25:00,cxinsider,Buffer,1190092344424579073,https://twitter.com/statuses/1190092344424579073
Jungkook is having the same crisis with us today.,2019-11-01 02:25:00,Ilysmjkje,Twitter for Android,1190092344093110272,https://twitter.com/statuses/1190092344093110272
Exclusive: Construction projects worth billions of dollars could grind to a halt as hikes to professional indemnity insurance premiums begin to force building certifiers out of business in what the industry warns is a “national crisis”. https://t.co/X8Prfulj50 @australian,2019-11-01 02:24:37,livcaisley,Twitter Web App,1190092248978870272,https://twitter.com/statuses/1190092248978870272
isn’t it funny how with every new crisis comes a brand new form of capitalism and colonialism,2019-11-01 02:24:29,scumbagett,Twitter for iPhone,1190092215466549248,https://twitter.com/statuses/1190092215466549248
My amazon purchases reflect my type of crisis.... name today’s crisis https://t.co/UoQ7ckdMyQ,2019-11-01 02:24:29,Katieehoz,Twitter for iPhone,1190092213784600577,https://twitter.com/statuses/1190092213784600577
"Hedge fund manager Kyle Bass has famously said China’s coming economic crash could be 3 to 4 times bigger than the 2008 subprime crisis.

Call Congress & Thrift Board, ur retirement shouldn’t be ripped off by ChiCom parasites!

https://t.co/kIVGcZNlvy",2019-11-01 02:24:17,BenKTallmadge,Twitter for iPhone,1190092166296522753,https://twitter.com/statuses/1190092166296522753
"In this five-part series, https://t.co/HyvLGFw6yG will examine how the housing crisis is affecting communities across the province — and what they’re doing to combat it https://t.co/V1inlAxWkA",2019-11-01 02:24:06,lfay_lorraine,Twitter Web App,1190092120067059713,https://twitter.com/statuses/1190092120067059713
@KyleTibbitts Currency is Capital -> Quality of Life Crisis,2019-11-01 02:23:34,LastWordSword,Twitter for Android,1190091982120652801,https://twitter.com/statuses/1190091982120652801
"A piece of our shared history—a piece of our identity, a part of our story— just left the province. So what now?

Alberta's crisis of identity https://t.co/99iMIrLdTW",2019-11-01 02:23:23,dkennedyglans,Twitter Web Client,1190091936503222273,https://twitter.com/statuses/1190091936503222273
Spent Halloween night giving back to the kids in the community with some teammates passing out candy at the Family Crisis center! #halloween2019 https://t.co/ztaZUwU7hX,2019-11-01 02:23:07,Emilio7QB,Twitter for iPhone,1190091869507727360,https://twitter.com/statuses/1190091869507727360
"Climate CRISIS

#VoteLabour2019 for #ClimateJustice https://t.co/CfbZzpit0F",2019-11-01 02:23:04,DKLarge2,Twitter Web App,1190091860313817089,https://twitter.com/statuses/1190091860313817089
@danielhowell Lol I think Dan is having an early mid life crisis.,2019-11-01 02:23:02,WinfreeAshton,Twitter for iPhone,1190091849492512769,https://twitter.com/statuses/1190091849492512769
A 21-year-old woman was charged with manslaughter after her boyfriend's suicide. Experts fear it's a 'slippery slope' that could even endanger crisis line workers trying to help.  https://t.co/cZy3NDriBE,2019-11-01 02:22:55,OnlyTheBishop,Twitter for iPhone,1190091820807655425,https://twitter.com/statuses/1190091820807655425
@RobloxWalmart3 is selling ammo and AR-15s in any time of crisis go queck them out now! https://t.co/4jGp3kDnrR,2019-11-01 02:22:48,QuackistanW,Twitter Web App,1190091791506255874,https://twitter.com/statuses/1190091791506255874
@thegeorgeyou And that's not even considering the Saints game where they ran the ball 7 times 5 of those with an actual running back. 5. In a regular season NFL game a coach decided to run the ball 7 times. That's crisis level decision making and THAT'S why I am so disheartened.,2019-11-01 02:22:06,JLcarter74,Twitter for Android,1190091616721276930,https://twitter.com/statuses/1190091616721276930
Welcome to the Constitutional crisis   https://t.co/bL5BcpogrV,2019-11-01 02:22:00,PalmerReport,Buffer,1190091589609230337,https://twitter.com/statuses/1190091589609230337
@Jansant The post-crisis neoliberal state is a right wing populist proto fascist state...and becoming more and more apparent.,2019-11-01 02:21:56,MarkRDuckett,Twitter for Android,1190091574543126529,https://twitter.com/statuses/1190091574543126529
"Iris West and Lois Lane Team Up in New #CrisisOnInfiniteEarths Photo
https://t.co/Q8YJ1IZsGr https://t.co/iNyQHLyEZt",2019-11-01 02:21:45,CBR,Buffer,1190091525167943680,https://twitter.com/statuses/1190091525167943680
Crisis adverted. Package found.,2019-11-01 02:21:42,Getsometruth,Twitter for iPhone,1190091515198001152,https://twitter.com/statuses/1190091515198001152
Commentary: Fears of a financial crisis around corner drive US Fed’s rate cuts https://t.co/8x8f6W1KOc,2019-11-01 02:21:38,joseacontreras,WordPress.com,1190091498739634178,https://twitter.com/statuses/1190091498739634178
@MrMario2011 Wonder if this one will run Dino Crisis 3 and Legacy of Kain: Defiance,2019-11-01 02:21:38,MrPete1985,Twitter Web App,1190091497057730560,https://twitter.com/statuses/1190091497057730560
This movie about the Ebola crisis in Nigeria >>>.,2019-11-01 02:21:37,Michael__AO,Twitter for iPhone,1190091492880203777,https://twitter.com/statuses/1190091492880203777
@piripiper PLEASE this is a crisis,2019-11-01 02:21:36,lullabadbye,Twitter for Android,1190091487192735744,https://twitter.com/statuses/1190091487192735744
"A recent World Bank Report on ending educational poverty highlights the fact that in lower-income countries, as much as 90% of ten-year-old students cannot read a simple book thus creating what has been called a “Human Capital Deficit.”
https://t.co/cc3JCiAlhf",2019-11-01 02:21:17,VaishaliPradh,Twitter for Android,1190091409472344064,https://twitter.com/statuses/1190091409472344064
@sarahmeaghang Its amazing how people come together in a time of crisis,2019-11-01 02:20:52,Lavender_Salts,Twitter for iPhone,1190091305206059008,https://twitter.com/statuses/1190091305206059008
"“The suffering of the Rohingya has no end in sight. ASEAN needs to live up to its responsibility and use its position to press Myanmar to address the root causes of the crisis, including restoring the rights of the Rohingya,"" said Eva Sundari, former Indonesian MP @evndari",2019-11-01 02:20:51,ASEANMP,Twitter Web App,1190091300923535360,https://twitter.com/statuses/1190091300923535360
"@gleeleefulheart I’m in a midlife crisis myself, wondering how long it’ll be till I just give up and sleep in my car

Life sucks",2019-11-01 02:20:48,Kyle_48,Twitter for iPhone,1190091285723525120,https://twitter.com/statuses/1190091285723525120
"We now have evidence that these fears are eminently reasonable. 

https://t.co/381VR6gbet",2019-11-01 02:20:15,matthewbelcher,Twitter Web App,1190091147928121344,https://twitter.com/statuses/1190091147928121344
Wentworth Miller In Talks To Return As Captain Cold For Crisis https://t.co/9yhvS9qWzb,2019-11-01 02:19:58,JasonMedeiros9,Facebook,1190091079762231297,https://twitter.com/statuses/1190091079762231297
"This is the second high-ranking person from the UVA PD to quit in a month. According to her LinkedIn profile, she quit to start “I-SEE Consulting, LLP,” “specializing in proactive risk reduction, crisis response, and reputational brand management.” https://t.co/z4DDu2cE78",2019-11-01 02:19:58,cvillenewscom,Tweetbot for Mac,1190091078231351297,https://twitter.com/statuses/1190091078231351297
"If you are still run into climate science deniers, this is some pretty powerful stuff. Turns out (shocker) that dark money have been running a coordinated misinformation campaign for decades. A very effective one.

https://t.co/AddfFs8NzQ",2019-11-01 02:19:35,steveray,Twitter Web App,1190090980130574336,https://twitter.com/statuses/1190090980130574336
"Knowing what someone needed, especially when they are sharing difficult stuff, would help me hear them so much clearer. I hope that it would also help me to be effective in meeting their needs. 

I’m crisis, sometimes it’s hard to know. Future me needs to ask “would you like...” https://t.co/zKA5Nu5bd0",2019-11-01 02:19:29,astaples_mi,Twitter for iPhone,1190090954432270336,https://twitter.com/statuses/1190090954432270336
"You could start real basic and then as u start saving money cos instead of paying rent u only paying like $150/mo for the land, u could start adding things like solar, etc. But no, the county won't let u do that. Which is NUTS given the #affordablehousing crisis in #California.",2019-11-01 02:19:12,Sasha_CA,TweetDeck,1190090884437536769,https://twitter.com/statuses/1190090884437536769
rt if you’re having a crisis,2019-11-01 02:19:04,sppicyfrankie,Twitter for iPhone,1190090853634789376,https://twitter.com/statuses/1190090853634789376
"@Jerusalem_Post Hate crime, there is a serious crisis going on in Germany the only way to stop this nuisance is to stop mass migration from radical country and to investigate on Muslim population.",2019-11-01 02:18:51,ventharan,Twitter for Android,1190090797258919936,https://twitter.com/statuses/1190090797258919936
@Bhupin45 You son of a bitch....You are the reason I'm having an existential crisis..,2019-11-01 02:18:39,AcharyaAnuva,Twitter for Android,1190090747724197888,https://twitter.com/statuses/1190090747724197888
The Mother of God and Pachamama:  The Sign of the Church in Crisis https://t.co/MoscM1qRhw,2019-11-01 02:18:37,RorateCaeli,IFTTT,1190090736705982465,https://twitter.com/statuses/1190090736705982465
"All these people are coming around for Crisis, but Emily can't stay far enough away. Is it because she called out Marc? Either way, she's off living her best life, but without her I really don't care about Crisis at all.",2019-11-01 02:18:35,lexiingram,Twitter Web App,1190090730003283968,https://twitter.com/statuses/1190090730003283968
"@JmjmTey Thanks for sharing. I think it's normal to experience that when you start having a deep understanding of a disease or crisis. Several medical students told me when they learn about a new disease, they start to physically feel the symptoms of that disease. The brain is powerful.",2019-11-01 02:18:15,modhisheen,Twitter Web App,1190090647698587648,https://twitter.com/statuses/1190090647698587648
"https://t.co/QWCljXABQf How to fix the patent quality crisis | TheHill - The Hill 
How to fix the patent quality crisis | TheHill  The Hill",2019-11-01 02:18:15,opusipuk,OPUSIP_Post2Tweet,1190090644527685632,https://twitter.com/statuses/1190090644527685632
Such an identity crisis omg . https://t.co/C7yRyobxE4,2019-11-01 02:18:07,tunmiike_a,Twitter for iPhone,1190090611531100168,https://twitter.com/statuses/1190090611531100168
My PhilStar column today- Facing a water crisis | https://t.co/wDwmdF15Er https://t.co/LXC6mmJcPZ,2019-11-01 02:17:43,boochanco,Twitter for iPhone,1190090510662131712,https://twitter.com/statuses/1190090510662131712
We need to recall the entire council and mayor immediately. They have pilled one crisis on top of another to get what they want. https://t.co/M6bPp66gYZ,2019-11-01 02:17:34,loeffler,Twitter Web App,1190090475308494848,https://twitter.com/statuses/1190090475308494848
Dope https://t.co/SbN8t10rUW,2019-11-01 02:17:15,Crisis_x,Facebook,1190090393938997249,https://twitter.com/statuses/1190090393938997249
Need to get out? Call the “Lock Mob!” They opened the Cold War Crisis in 52:11!!! https://t.co/6ZMyYZj0Xp,2019-11-01 02:17:12,SSEscapeRooms,Twitter for iPhone,1190090379917512705,https://twitter.com/statuses/1190090379917512705
"What do you call a Swedish store suffering an existential crisis? 

#pun https://t.co/sdXwpy1Hdn",2019-11-01 02:17:11,EnnisCole,Twitter for Android,1190090378411749376,https://twitter.com/statuses/1190090378411749376
"THE BEST explanation I've yet read on just how dire our political crisis is

We're no longer fighting over health care policy or tax rates

We're fighting over democracy, the Constitution, the separation of powers and the rule of law

The Republican Party has rejected them all https://t.co/hPUWAkqLYH",2019-11-01 02:16:45,BerinSzoka,Twitter Web App,1190090267958947840,https://twitter.com/statuses/1190090267958947840
"Take a look at the nation's Superfund sites that have not been remediated. The nuclear rods running around on train tracks constantly being refused by Indigenous people.
Michigan: How many years and months since Flint water crisis? Tlaib the rep but nothing has been accomplished. https://t.co/o1bthXKaNN",2019-11-01 02:16:39,Norah333Burke,Twitter Web App,1190090244034424832,https://twitter.com/statuses/1190090244034424832
"Greta Thunberg rejects $52,000 environmental prize! https://t.co/ADbbBf4GvA",2019-11-01 02:16:10,AgBioWorld,Twitter for iPad,1190090121217003520,https://twitter.com/statuses/1190090121217003520
Isn't there an actual Romani crisis going on?,2019-11-01 02:15:43,MagicMayfield,Twitter for Android,1190090007131897858,https://twitter.com/statuses/1190090007131897858
#BadBoys3 & #ComingToAmerica2 both filming at Tyler Perry Studios at the same damn time! [Pics] https://t.co/10b7TmmyMa,2019-11-01 02:15:31,Crisis_x,Facebook,1190089958339596288,https://twitter.com/statuses/1190089958339596288
"This sham is going nowhere, except down the drain with the once important and now irrelevant democrat party.   We are enduring, and we will survive this Constitutional Crisis.  They brought it on.  They will die with it. https://t.co/oGG8Tfl06L",2019-11-01 02:15:30,MENeelz51,Twitter Web App,1190089952597544960,https://twitter.com/statuses/1190089952597544960
Credit Crisis Unfolds In China As Steelmaker Default Sparks Contagion Fears  | Zero Hedge https://t.co/HVhRlo9qn8,2019-11-01 02:15:26,banawedata,Twitter for iPhone,1190089937124593664,https://twitter.com/statuses/1190089937124593664
"Zambia Faces an Electricity Crisis From Global Warming

 https://t.co/PLR91ak7LR",2019-11-01 02:15:04,raulza,TweetCaster for Android,1190089846745960448,https://twitter.com/statuses/1190089846745960448
"@TheAn1meMan You said you wanted some diamonds in the rough in anime (i.e. series that don't get the attention they should have), right? Well, here are some of my personal suggestions. ^_^

- Brave/Yuusha series
- Gate Keepers
- Bubblegum Crisis
- Gear Fighter Dendoh
- Megazone 23
- Betterman",2019-11-01 02:15:02,RedDragonTony,Twitter Web Client,1190089837853978625,https://twitter.com/statuses/1190089837853978625
"Here's FDR's first Fireside Chat, in which he used the radio address to explain the 1933 Great Depression banking crisis to a worried nation.  

(via https://t.co/bFbRKSuQBo) https://t.co/FruwkMqopG",2019-11-01 02:14:46,mariaspinella,Twitter Web App,1190089769189101569,https://twitter.com/statuses/1190089769189101569
sylvain are you okay you literally look like you're going through a crisis https://t.co/hhEUcB4yUd,2019-11-01 02:14:43,whorecalerfeIix,Nintendo Switch Share,1190089758078189570,https://twitter.com/statuses/1190089758078189570
"The opioid crisis, the placebo effect, pseudoscience & quackery, the sociology of knowledge, George Harrison, and pumpkin carving. https://t.co/uSIQaUfG3l",2019-11-01 02:14:39,RoyFilmDPT,Twitter for iPhone,1190089741368209409,https://twitter.com/statuses/1190089741368209409
How Pinochet's economic model led to the current crisis engulfing Chile https://t.co/zOKqJLJY1j,2019-11-01 02:14:31,pcunazza,Twitter for iPhone,1190089704684838912,https://twitter.com/statuses/1190089704684838912
"Does AIC still make anime? They made the masterpiece that is now and then here and there. They made vampire princess tv. They made nightwalkers. They did bubblegum crisis, Gai two zero, riding bean, magazine 23. They did a lot of good",2019-11-01 02:14:22,predederva,Twitter for iPhone,1190089670782263297,https://twitter.com/statuses/1190089670782263297
@nlabosco Wait omg maybe I say both??? I think I’m having an existential crisis.,2019-11-01 02:14:02,OkayJoJay,Twitter for iPhone,1190089583347802112,https://twitter.com/statuses/1190089583347802112
The scariest thing I did today was thinking about the possibility that no one in this world would truly get me and had an existential crisis. And I started the day off dissecting a cat for an anatomy class. Happy Halloween ya ghouls.,2019-11-01 02:13:58,Khouzombie,Twitter Web App,1190089566616731648,https://twitter.com/statuses/1190089566616731648
"ecology majors be like sorry I don’t actually have any work due tomorrow, I just can’t go out tonight because I’m having an existential crisis thinking about all the frogs and bees that capitalism killed",2019-11-01 02:13:48,singeddryad,Twitter for iPhone,1190089524757647361,https://twitter.com/statuses/1190089524757647361
Having a full on crisis because idk if my friend remembered to bring me a fanny pack for my costume. I’ve reached an all time Halloween high.,2019-11-01 02:13:32,lyndsanemone,Twitter for iPhone,1190089457418022912,https://twitter.com/statuses/1190089457418022912
"@realDonaldTrump Mr. President, please help NYCs mental health crisis. I am a disabled NYer (diagnosed with PTSD, depression, and anxiety). Mental health patients are routinely emotionally and psychologically abused. It happens to me almost daily. The saddest part is that we have nowhere to go...",2019-11-01 02:12:50,alphalobsternyc,Twitter for Android,1190089282263953411,https://twitter.com/statuses/1190089282263953411
i'm entering a depression crisis right now... ):,2019-11-01 02:12:50,naegigom,Twitter Web App,1190089281898995712,https://twitter.com/statuses/1190089281898995712
"@CalebTweetings I like to think you had the kids during your first marriage, and then the midlife crisis struck and your kids have subconsciously picked up on how much you regret having had them",2019-11-01 02:12:46,FMUK,Twitter for Android,1190089268011642881,https://twitter.com/statuses/1190089268011642881
I have a problem... I’m having a layout crisis,2019-11-01 02:12:16,jarrpads,Twitter for iPhone,1190089140857167874,https://twitter.com/statuses/1190089140857167874
"The climate crisis is real – and we’re seeing it at work right now.  
https://t.co/HdJpGb2dGt",2019-11-01 02:12:00,ClimateReality,Meet Edgar,1190089074838777857,https://twitter.com/statuses/1190089074838777857
"A very clear eyed view of our problems.

Welcome to the Constitutional crisis https://t.co/Lf6Rlgh88j via @PalmerReport",2019-11-01 02:12:00,danellek,Twitter for iPad,1190089073785856002,https://twitter.com/statuses/1190089073785856002
"Giant Floating Solar Farms Could Make Fuel and Help Solve the Climate Crisis, Says Study https://t.co/r0JnG3XiT5",2019-11-01 02:11:57,THEYIKESME,Facebook,1190089059043028993,https://twitter.com/statuses/1190089059043028993
@KyleTibbitts You have to actively compete to live > authenticity crisis,2019-11-01 02:11:56,Xelrias,Twitter for Android,1190089056975118336,https://twitter.com/statuses/1190089056975118336
Are they gonna explain what Wally was doing during Crisis since he's not gonn be in the crossover #TheFlash,2019-11-01 02:11:33,speedbabies,Twitter for Android,1190088960439140353,https://twitter.com/statuses/1190088960439140353
"@burns_alana Her take is that fantasy should be less magical elements to be less ""boring "" ? 

Is she having a crisis? 
Because that would explain",2019-11-01 02:11:26,morgana011992,Twitter Web App,1190088929019600896,https://twitter.com/statuses/1190088929019600896
@WhiteHouse I wouldn't say he was successful in fighting the drug crisis. I've noticed I've been drinking more since he was elected,2019-11-01 02:11:22,Josh24548880,Twitter for Android,1190088913618030592,https://twitter.com/statuses/1190088913618030592
@pikachu0z I'm going to guess that she probably has some type of identity crisis.,2019-11-01 02:11:19,Evan_Doodle,Twitter for Android,1190088899755991042,https://twitter.com/statuses/1190088899755991042
@KVanValkenburg Try not to activate the Cuban missile crisis,2019-11-01 02:11:17,ne_sports1st,Twitter for iPhone,1190088894823485440,https://twitter.com/statuses/1190088894823485440
@mmpadellan I'm from New Jersey. Absolutely ridiculous. This is not about supporting a district who voted for the president. This is about standing up for the Constitution. Stop the political bullshit folks. We have a constitutional and National crisis taking place. Wake the fuck up!,2019-11-01 02:11:15,RedArchon47,Twitter for Android,1190088883712733187,https://twitter.com/statuses/1190088883712733187
"The goal was to start sorting out viable solutions to addressing the profound crisis in our community. It was a hell of a first week preparing for this. But it's important, because legislation and state funding resources mostly do not meaningfully help rural communities.",2019-11-01 02:11:12,jokedovis,Twitter Web App,1190088872887123968,https://twitter.com/statuses/1190088872887123968
Constitutional lessons to be learned in the US-Ukraine crisis https://t.co/iwPvuRbIuq https://t.co/dU5nONx5NC,2019-11-01 02:10:51,StevenHerro,WordPress.com,1190088785469624321,https://twitter.com/statuses/1190088785469624321
My sincere thoughts on Venezuela oil crisis and US sanctions.. https://t.co/Ofu4Vw0dZd,2019-11-01 02:10:44,globaloilrisks,Twitter for Android,1190088754821844994,https://twitter.com/statuses/1190088754821844994
@ArrowFoster Disappointing. These people obviously have better things to do than showing any empathy for a friend in crisis. Very shallow.,2019-11-01 02:10:41,Vann_45,Twitter for iPad,1190088743799181313,https://twitter.com/statuses/1190088743799181313
@RepDaveJoyce Winnie escape when U can U r living with a trump supporter and climate crisis denier etc etc etc,2019-11-01 02:10:28,flacomayes,Twitter for iPhone,1190088685980700672,https://twitter.com/statuses/1190088685980700672
"Frozen in time, US Embassy a monument to Iran hostage crisis (from @AP) https://t.co/ClyUckovOh",2019-11-01 02:10:24,RamZar1,Twitter for iPhone,1190088669144571905,https://twitter.com/statuses/1190088669144571905
"@TrueNorthCentre You mean like the one they blamed on Climate Crisis? https://t.co/jt0OsrdkkA There’s not a Climate Crisis, there’s a Liberal Crisis.",2019-11-01 02:09:43,CanadaSpeaksOut,Twitter for iPhone,1190088498570657793,https://twitter.com/statuses/1190088498570657793
"BTW, 3,268 Ebola cases recorded in Central Africa with the death rate of 67%, according to the World Health Organisation (WHO), which has led the organisation to classify the outbreak as a global emergency...
Risk - International Travel... Border - Crisis:  'manufactured'!?",2019-11-01 02:09:38,interpath1,Twitter Web App,1190088478278725632,https://twitter.com/statuses/1190088478278725632
o yea what about an identity crisis i could use some of that rn tjanks a lot,2019-11-01 02:09:36,unluckybrain,Twitter for iPhone,1190088469076463616,https://twitter.com/statuses/1190088469076463616
which one luvs ? i’m in a state of crisis https://t.co/2Eo3QRmOs5,2019-11-01 02:09:22,voquedaya,Twitter for iPhone,1190088410364612615,https://twitter.com/statuses/1190088410364612615
"From running out of money to cancer and divorce, many college students are facing serious financial crises. https://t.co/5ZYOTdCi2w #investinyou (In partnership with @acorns.)",2019-11-01 02:09:03,CNBC,SocialFlow,1190088330333040641,https://twitter.com/statuses/1190088330333040641
"When I was in college there was a thing called ""the 8th week crisis."" Literally every term, some event would spark a major drama - everyone would have to weigh in for or against, people were emotional, there would be attempts to cancel classes in order to process. 1/x",2019-11-01 02:08:36,LeisaSchaim,Twitter Web App,1190088217665642496,https://twitter.com/statuses/1190088217665642496
.... crisis napud.... white green or purple,2019-11-01 02:08:35,patriciadieez,Twitter for Android,1190088214960209921,https://twitter.com/statuses/1190088214960209921
@soledadobrien You having a crisis of conscience Soledad? After shamelessly smearing AOC earlier today with your rediculous insinuations? You're FOX news style out of context quote? Nah.... you're too self unaware not to still think you're the good guy in this story.,2019-11-01 02:08:35,UncleLub,Twitter for Android,1190088213081313281,https://twitter.com/statuses/1190088213081313281
"Hong Kong plunges into first recession since global financial crisis  protests, trade war take toll on financial hub https://t.co/ywDSxu17iq https://t.co/hRF7GJgCCm",2019-11-01 02:08:25,navaindiaexport,WordPress.com,1190088171037450243,https://twitter.com/statuses/1190088171037450243
Someone becomes street homeless in London almost every two hours as rough sleeping hits record high https://t.co/xTmDk47aDY,2019-11-01 02:08:20,21cwakeupcall,Twitter Web Client,1190088149667647488,https://twitter.com/statuses/1190088149667647488
"Why do people still, in 2019, people that I know, have moral dilemmas about my smoking habit, but go to the bar with me and slam beers. Makes no damn sense. Then there's the weedman crisis. It's always such a hassle buying, I just want to go to a store, buy my stuff, and go home.",2019-11-01 02:08:20,ThaMackenzie,Twitter for Android,1190088148665143304,https://twitter.com/statuses/1190088148665143304
"""Quality is always the result of excellent work without compromise"". https://t.co/EAJ9UvKN7T
#business #leadership https://t.co/Kd0MzoFMrN",2019-11-01 02:08:19,AroundOMedia,The Social Jukebox,1190088146383507457,https://twitter.com/statuses/1190088146383507457
@Shadowz900 Thor’s having an identity crisis,2019-11-01 02:08:09,MRSk33n,Twitter for iPhone,1190088105665028096,https://twitter.com/statuses/1190088105665028096
@Bill_Cimbrelo not enough attention is given to building homes that can withstand some of the climate crisis we face today. I get annoyed that people argue over whether or not there is a climate crisis when I spend so much time worrying about my house surviving any number of catastrophes.,2019-11-01 02:08:03,msbhavens1,Twitter Web App,1190088077504462848,https://twitter.com/statuses/1190088077504462848
"""Regime cleavages emerge only in governing systems in crisis, and our democracy is indeed in crisis."" https://t.co/sTZ7g974QM",2019-11-01 02:07:58,plgoarmy6790,Twitter for Android,1190088060240875521,https://twitter.com/statuses/1190088060240875521
"@Mob1us_ I do like playing the occasional PS1 game but I feel like I have generally covered the bases with that system. All though I still have Medievil, Dino Crisis 1, Syphon Filter 1 and 2, Fear Effect 1 and 2 and to some degree Parasite Eve 2 to go through. Okay, fine I might've",2019-11-01 02:07:47,Civilwarfare101,Twitter Web App,1190088011683373062,https://twitter.com/statuses/1190088011683373062
"@JarrodGilbertNZ Maybe the coat hook encouraged him to put it up that way, because it's having an existential crisis and no longer wishes to bear the weight of anyone's belongings.",2019-11-01 02:07:45,paulaoffkilter,Twitter Web App,1190088002317340673,https://twitter.com/statuses/1190088002317340673
"so crazy that Tame Impala releases a groovy song about quarter life crises when I, too, am having a quarter life crisis, only with less groove and genius & more grease and pathetic desperation",2019-11-01 02:07:42,mandysfontenot,Twitter for iPhone,1190087992968245248,https://twitter.com/statuses/1190087992968245248
*slams fist on the table* it’s crisis o clock babey,2019-11-01 02:07:23,dumbcowhorse,Twitter for iPhone,1190087913247248385,https://twitter.com/statuses/1190087913247248385
Islamic State vows revenge against U.S. for Baghdadi killing https://t.co/3zG1VK2dIX https://t.co/8ySe80Vzh5,2019-11-01 02:07:17,ReutersUK,True Anthem,1190087886521192448,https://twitter.com/statuses/1190087886521192448
"So today is Halloween. I don’t celebrate it back home, but I thought I might give it a try.
And apparently when it comes to scaring a bunch of angry climate crisis deniers - I don’t even have to dress up!! https://t.co/6Uh9SESNUp",2019-11-01 02:06:59,dougaqua,Instagram,1190087809190768640,https://twitter.com/statuses/1190087809190768640
"It was never gonna be possible under the presenting circumstances! Fix the present crisis first!!!
.
NHI budget plans no longer affordable - Treasury https://t.co/8b6MjsNA8r via @Fin24",2019-11-01 02:06:44,Zama30162777,Twitter for Android,1190087746427195392,https://twitter.com/statuses/1190087746427195392
"2019: watch the collapse neoliberalism and the advent of a climate crisis in real time! 
- fuck
2019: featuring new songs from MY CHEMICAL ROMANCE
-FUCKKKK",2019-11-01 02:06:38,beecier,Twitter for iPhone,1190087722159034370,https://twitter.com/statuses/1190087722159034370
@Thirdmanmovies I know full and well what critics meant. I read a ton of em at the time because Disagree. He never intended on making a cinematic universe. It was gonna be a 5 part arc of films. Like final crisis brought to the big screen. BvS is night and day of an mcu film period.,2019-11-01 02:06:15,Thebuljso,Twitter for Android,1190087627182985216,https://twitter.com/statuses/1190087627182985216
@arxaris_writes age old kiribaku crisis: the tragic lack of communication.,2019-11-01 02:06:00,piratefishmama,Twitter Web App,1190087561911439360,https://twitter.com/statuses/1190087561911439360
The #VicClimateAct was put in place in 2010 but was gutted by Ted Baillieu and the Coalition govt just a year later. We lost almost five years in a decade when the world was running out of time to tackle the climate crisis.,2019-11-01 02:05:56,ActOnClimateVic,Twitter Web App,1190087545599619072,https://twitter.com/statuses/1190087545599619072
"FEATURE-Thirsty crops, leaky infrastructure drive Tunisia’s water crisis https://t.co/yRk5qDonrY",2019-11-01 02:05:34,AfricaTimesofN1,WordPress.com,1190087453673218048,https://twitter.com/statuses/1190087453673218048
@IlhanMN way of stopping crime. Take guns from the police so they can’t protect the public. Legalize a drug that’s creating a crisis in Colorado already. And hide the records of past criminals so no one knows how they behaved in the past. I haven’t heard one good idea from you yet,2019-11-01 02:05:07,kkalltheway2,Twitter for iPhone,1190087341836316672,https://twitter.com/statuses/1190087341836316672
@bhangbhangducx no but there's a crazy liquidity crisis in the late game,2019-11-01 02:04:56,kraccdown,Twitter for Android,1190087295229218816,https://twitter.com/statuses/1190087295229218816
In order to prevent the crisis from coming I’m going to have to become someone else I’m going to have to become something else,2019-11-01 02:04:51,derek_w17,Twitter for iPhone,1190087272189829122,https://twitter.com/statuses/1190087272189829122
"How Pinochet's economic model led to the current crisis engulfing Chile

https://t.co/dsgaC0MfTL",2019-11-01 02:04:37,vaudindavid,Twitter for Android,1190087213809381377,https://twitter.com/statuses/1190087213809381377
my existential crisis https://t.co/ngicDwLov9,2019-11-01 02:04:29,twdutchman,Twitter Web App,1190087181785714688,https://twitter.com/statuses/1190087181785714688
"Bonnie Keefe has been on a hunger strike since Monday outside of Renfrew Town Hall. She is drawing attention to the crisis in supportive housing for people with developmental disabilities, https://t.co/hPnh7VZGwE",2019-11-01 02:04:26,lfay_lorraine,Twitter Web App,1190087170595475456,https://twitter.com/statuses/1190087170595475456
More Signs the Next Big Financial Crisis May Begin in Germany - https://t.co/6BVKoJK8mb https://t.co/aAXqd4p9Az,2019-11-01 02:04:21,michael_0000,Tweet Wheel,1190087146746646528,https://twitter.com/statuses/1190087146746646528
"@nationalpost Claims to support the leader but savages the leader simultaneously. He's a Liberal, not a Conservative. Also, with current CDN unity crisis, it's necessary that the leader be a Westerner.",2019-11-01 02:04:11,bvollmer4,Twitter Web Client,1190087104170201088,https://twitter.com/statuses/1190087104170201088
Crisis: a Setback or an Opportunity? - https://t.co/QNUJ9Uffo0 #positivepsychology,2019-11-01 02:03:46,thornhillmom,Marietweet,1190087002030395393,https://twitter.com/statuses/1190087002030395393
@willripleyCNN Sorry for what #HKPolice did to you ytd. Hong Kong is now in a very serious humanitarian crisis. Totally Hong Kong Police State and Hong Kong Police Terrorism. Please share more about Hong Kong Status to the world.,2019-11-01 02:03:41,CreamyCat12,Twitter Web App,1190086981771919360,https://twitter.com/statuses/1190086981771919360
"October:

Crisis in Six Scenes
The Death of Empedocles
Diamantino
Gemini Man
The Great Pretender
Lumière! (2016)
Rapid Life
Shadow
Transit",2019-11-01 02:03:35,crbrinkmann,Twitter Web App,1190086955670941696,https://twitter.com/statuses/1190086955670941696
"""Bank heads warn of looming liquidity crisis ... the repo market shock in September may have been the first signal of a wide-ranging liquidity shortage, and now those warnings are being echoed by the heads of major banks."" 

 https://t.co/wkgB4UFub3 https://t.co/i67pqONKUE",2019-11-01 02:03:17,TradingDime,Twitter Web App,1190086878684491777,https://twitter.com/statuses/1190086878684491777
@nazunanito Its real i watched like 5 people have a crisis during class over it,2019-11-01 02:03:11,tofucubearts,Twitter for Android,1190086853225074688,https://twitter.com/statuses/1190086853225074688
"“Emergency. Crisis. Existential threat. These are words we're hearing more and more often in relation to climate change. And if you ask editors of the Guardian, they're exactly the kind of words journalists should be using.” https://t.co/c49Yvpqa4C #ClimateChange #ClimateAction https://t.co/TjM7b8xAY0",2019-11-01 02:03:02,PaulStewartII,Buffer,1190086817539903488,https://twitter.com/statuses/1190086817539903488
"@realDonaldTrump I have a stupid question. Isn't Nancy Pelosi representing California in the Federal Government, which means most of her effort, if not all, should be going to run the country on a whole? It is the local and state government you should be commenting on for this crisis.",2019-11-01 02:02:49,michetheauthor,Twitter Web App,1190086761474445312,https://twitter.com/statuses/1190086761474445312
TRUMP TWEET: Takes swipe at Pelosi over homeless crisis in her state https://t.co/zBLnXvH5WL https://t.co/DsIbQaBmGr,2019-11-01 02:02:42,Weatherinternal,WordPress.com,1190086731355377664,https://twitter.com/statuses/1190086731355377664
Crisis averted. But the gruesome details will not be published hahahaha,2019-11-01 02:02:35,johnvladimirlin,Twitter for Android,1190086704478081026,https://twitter.com/statuses/1190086704478081026
"This right here is why I'm committed for Bernie. I  am a Democrat but no other Democrat is willing to fight the Climate Crisis the way Bernie will. 

The planet matters far more than party affiliation. https://t.co/hvm3JNS7Pj",2019-11-01 02:01:58,rbdjelkins,Twitter Web App,1190086546679984128,https://twitter.com/statuses/1190086546679984128
Public takeover of PG&E? Where Democratic candidates stand on California crisis https://t.co/iQVnkcUiE1,2019-11-01 02:01:54,DianeFarringt11,Twitter Web App,1190086532029460480,https://twitter.com/statuses/1190086532029460480
"A crisis can happen to anyone, even if you don't think it will happen to you. You should always be aware of things happening around you and be prepared for a crisis to occur. #ANS211",2019-11-01 02:01:49,futurecyclone8,Twitter Web App,1190086511716384768,https://twitter.com/statuses/1190086511716384768
‘US intervention root cause of crisis in Lebanon’ https://t.co/bKP43GFsqf,2019-11-01 02:01:48,truestory24,Twitter for Android,1190086504695005184,https://twitter.com/statuses/1190086504695005184
"You know it's serious when they don't even f****** try to lie about it.
 https://t.co/iGjGlk9O2C",2019-11-01 02:01:33,paulportesi,Twitter for Android,1190086443772760064,https://twitter.com/statuses/1190086443772760064
How Pinochet's economic model led to the current crisis engulfing Chile https://t.co/dfEIzr3QPB,2019-11-01 02:01:25,aliochdelasott,Twitter Web Client,1190086408767201281,https://twitter.com/statuses/1190086408767201281
Opinion: PG&E shutoff is about climate crisis and corporate greed https://t.co/RcyU5X5jYk via @mercnews,2019-11-01 02:01:23,MaryCreasman_,Twitter for iPhone,1190086402832076801,https://twitter.com/statuses/1190086402832076801
The @CTCADV has streamlined all the calls in the state to one center. This new crisis resource rolls out to the public Friday! More on this service here: https://t.co/whyEd2L7JN https://t.co/Kq3vFYOfI8,2019-11-01 02:01:14,WTNH,SocialNewsDesk,1190086363397476353,https://twitter.com/statuses/1190086363397476353
One day I'll have a crisis and dye my hair ginger and I'll be ready to fight god herself,2019-11-01 02:01:13,syokoume_owo,Twitter for Android,1190086360037756928,https://twitter.com/statuses/1190086360037756928
"This is how low Trump State Network and Un-American Sen. Ron Johnson will go to deflect from the real crisis.

Clinton-Obama emails sought by Sen. Ron Johnson amid Dems' impeachment inquiry https://t.co/K4YT2u8eNo #FoxNews",2019-11-01 02:00:54,votenoincumbent,Twitter Web Client,1190086280094330880,https://twitter.com/statuses/1190086280094330880
"@SelamCen Honestly Ik it’s your page and you have all the rights to tweet whatever you want,but I feel like when a country that your page is dedicated to is going through a crisis like this I expected you guys to shed more light on the situation, y’all got like 5 tweets talking about it",2019-11-01 02:00:43,tsion__,Twitter for iPhone,1190086233852018688,https://twitter.com/statuses/1190086233852018688
New Monograph on the ongoing crisis in Lebanon      Does Corruption Benefit Compromised Societies? The Case of Lebanon https://t.co/5szrNVhVpp,2019-11-01 02:00:43,kumaraswamyJNU,Twitter for iPhone,1190086231792553984,https://twitter.com/statuses/1190086231792553984
Crisis in Haiti Reaches New Dimensions https://t.co/69wmcmo2mM https://t.co/2gytdVhEJ4,2019-11-01 02:00:36,resumenus,WordPress.com,1190086202587860995,https://twitter.com/statuses/1190086202587860995
I’ve been searching for different masters degrees I can get for the past month. Someone please talk some sense into me. Is this a new wave of the quarter life crisis ?,2019-11-01 02:00:35,Sharilyn_Vera,Twitter for iPhone,1190086199395831809,https://twitter.com/statuses/1190086199395831809
Share this feature with your fishing buddies> Asian Carp crisis! https://t.co/cOHtaqI2xF,2019-11-01 02:00:33,Outerbanks_GV,SocialOomph,1190086191082885121,https://twitter.com/statuses/1190086191082885121
• NYT: North Korea Fires 2 Projectiles in First Test Since Latest Talks Stalled: Japan said https://t.co/mwWWSVNCvN,2019-11-01 02:00:28,daiichi_crisis,Google,1190086171600310272,https://twitter.com/statuses/1190086171600310272
"SteamDrills -We need to treat ourselves like a national crisis,"" she said. ""We are one"" Climate Inequality #Today 5Star""",2019-11-01 02:00:25,darielgarner,SocialOomph,1190086160112144384,https://twitter.com/statuses/1190086160112144384
"I just realized the dems do not need costumes - they are scary just the way they are.  Not being reality based gets us climate crisis, socialism, and fake racism.  Not to mention fake impeachment.",2019-11-01 02:00:25,HeyitsSclaus,Twitter Web App,1190086156622422016,https://twitter.com/statuses/1190086156622422016
Labour crisis: 'Clueless' Corbyn mocked by business leaders over horror campaign speech https://t.co/HHZ89eFKne,2019-11-01 02:00:21,Reniour,Twitter Web App,1190086139648061440,https://twitter.com/statuses/1190086139648061440
"""Horn of Africa Crisis ""  https://t.co/pY0siUlRaZ",2019-11-01 02:00:05,Satyagrahi_ji,The Tweeted Times,1190086075139739648,https://twitter.com/statuses/1190086075139739648
UMass Medical School has released a new study on an often unseen side to the opioid crisis: grandparents who are forced to raise their grandchildren. https://t.co/UMvcFSvOZ9,2019-11-01 02:00:00,WMassNews,SocialNewsDesk,1190086054289776640,https://twitter.com/statuses/1190086054289776640
TUNE IN: Watch CBS 21 News @ 11 on Monday to see the latest installment in our Project PA: Children in Crisis series! https://t.co/xEiTsqHTn2,2019-11-01 02:00:00,CBS21NEWS,Twitter Media Studio,1190086054210154496,https://twitter.com/statuses/1190086054210154496
Tools to fight the opioid crisis in Monroe County may lose teeth under bail reform https://t.co/MZOn4WHlCc,2019-11-01 02:00:00,13WHAM,TweetDeck,1190086052188311553,https://twitter.com/statuses/1190086052188311553
@nisha19xo !!!!!!!PORN IZ A PUBLIC HEALTH CRISIS!!!!!!!,2019-11-01 01:59:34,fahhamakhlaq,Twitter Web App,1190085945728622593,https://twitter.com/statuses/1190085945728622593
"@AdamBandt There is no climate crisis

Stop scaring the kids, you child abuser",2019-11-01 01:59:20,willlTheTruth96,Twitter for iPhone,1190085885015932928,https://twitter.com/statuses/1190085885015932928
"Frozen in time, US Embassy a monument to Iran hostage crisis https://t.co/f8xYt2t7dy https://t.co/j7tEroEoV7",2019-11-01 01:59:06,BreakingNews219,dlvr.it,1190085825414909952,https://twitter.com/statuses/1190085825414909952
Islamic State vows revenge against U.S. for Baghdadi killing https://t.co/QqlMmpM6AY,2019-11-01 01:59:04,benavu54,Twitter for iPad,1190085818892730373,https://twitter.com/statuses/1190085818892730373
Of any character in Crisis it’s probably the most important to Wally’s character. The fact they didn’t even alude to that by having him in the crossover is an insult to all Flash fans... https://t.co/CNzYahcIMg,2019-11-01 01:59:04,Keystone_Devil,Twitter for iPhone,1190085818666430464,https://twitter.com/statuses/1190085818666430464
"Planting billions of trees across the world is by far the biggest and cheapest way to tackle the climate crisis,

We still need to reverse the rising greenhouse gas emissions from fossil fuel burning and forest destruction, and bring them down to zero. https://t.co/PGaHNZVMVe",2019-11-01 01:59:00,PaulEDawson,TweetDeck,1190085800429416450,https://twitter.com/statuses/1190085800429416450
"this year is basically my quarter-life crisis, when im transitioning from the university life into instant adulthood but 2019 has been treating me so damn well couldn't be more thankful for everything that happened this year

i literally learned A LOT hehe https://t.co/qxCYbxd0rd",2019-11-01 01:58:59,Lelysiti,Twitter for Android,1190085797338214401,https://twitter.com/statuses/1190085797338214401
"@RightReason_NZ Their vision is for a fairer NZ, to end child poverty, and to fix the housing crisis. Also, Jacinda is beam of light. Even Australians have recognised we have something special! https://t.co/SN0g4Cg8UJ",2019-11-01 01:58:50,roblogic_,Twitter for iPad,1190085758972903424,https://twitter.com/statuses/1190085758972903424
Wally should be in Crisis why isn't he https://t.co/x0Yzr5L6sT,2019-11-01 01:58:46,speedbabies,Twitter for Android,1190085742896259072,https://twitter.com/statuses/1190085742896259072
@TVGuide I hope we get to see Iris use her skills as a reporter during Crisis. It’s nice to see the heroes that are without powers get a chance to shine!,2019-11-01 01:58:32,SegaviaIsabella,Twitter for iPhone,1190085682263248896,https://twitter.com/statuses/1190085682263248896
I hate that tone. It’s my alarm tone to wake up and it gives me an existential crisis whenever it goes off when I’m awake https://t.co/dflCY3M7T3,2019-11-01 01:58:30,DeketheHollow,Twitter for iPhone,1190085673748877312,https://twitter.com/statuses/1190085673748877312
"Hundreds of U.S. Troops Leaving, and Also Arriving in, Syria https://t.co/lg3W8UkMIP The US will wind up with basically the same number of troops in Syria as we had before we created a human rights crisis and ethnic displacement and maybe more if ISIS is rebuilt which is possible",2019-11-01 01:58:00,justinyost,Buffer,1190085550969147392,https://twitter.com/statuses/1190085550969147392
He goin thru a mid-life crisis https://t.co/QKnhPFpy0w,2019-11-01 01:57:56,christmirr,Twitter for iPhone,1190085532602261504,https://twitter.com/statuses/1190085532602261504
@invisiblepeople There’s the children’s crisis center 209-577-4413 (24 hour line) that might be able to offer help or have more information about local services.,2019-11-01 01:57:50,ZAGernes,Twitter for iPhone,1190085507159511041,https://twitter.com/statuses/1190085507159511041
Rob Reiner is an Emmy winning actor and accomplished director. He does not “tweet” for self recognition.  He is trying to make citizens aware what a crisis the US is in. Voters need to wake and step up to stop the current administration from destroying this country. https://t.co/xLDjZRlSz4,2019-11-01 01:57:37,krod931,Twitter for iPhone,1190085454122622978,https://twitter.com/statuses/1190085454122622978
@smol_gay_boi_ SMAE IDK IF J FJNALLY BECKME EMK OR NOT THIS IS AN IDENTITY CRISIS,2019-11-01 01:57:33,blurrryjay,Twitter for Android,1190085436984758273,https://twitter.com/statuses/1190085436984758273
Really so whose crisis team dug that round up? https://t.co/CNFHL0HJMO,2019-11-01 01:57:01,William08640111,Twitter for Android,1190085303979003904,https://twitter.com/statuses/1190085303979003904
Sry 2 anyone who’s tried to get in contact w me the last week and a half. Havin a crisis. I’ll answer u all someday lol,2019-11-01 01:57:01,LyssMasciotra,Twitter for iPhone,1190085302393753600,https://twitter.com/statuses/1190085302393753600
"This piece is so devastating to read (I need to pause for several times), raising important awareness about mental health crisis undergone by victims of wars. https://t.co/X4rm5vSSiN",2019-11-01 01:56:49,ivanatman,Twitter for iPhone,1190085252816896000,https://twitter.com/statuses/1190085252816896000
"@senatordcarroll Sen. Carroll, I have been on this opioid crisis for 13 yrs. Lawsuits are all the lawyers and media wanted to talk about. I asked everyone to hold hearings about what was in these pills. I knew without medical education that these pills were not as they were marketed. 1/2 RL",2019-11-01 01:56:40,RLWJR16,Twitter Web App,1190085212505624578,https://twitter.com/statuses/1190085212505624578
"Because of the ocean.
I believe all will overcome.
Didn't listen to the crisis.
I fought for Stalin.",2019-11-01 01:56:32,__againstme,__againstme!,1190085182449012736,https://twitter.com/statuses/1190085182449012736
@thehill Hong Kong people are under humanitarian crisis. Please help. We are losing freedom and lives almost every day.,2019-11-01 01:56:24,charofzeon,Twitter for iPhone,1190085147405815808,https://twitter.com/statuses/1190085147405815808
REFUGEE CRISIS: How will the boy who escaped to Tion remember South Africa? https://t.co/0A8SZHQjbB,2019-11-01 01:56:21,MarianneThamm,Twitter Web Client,1190085136697696257,https://twitter.com/statuses/1190085136697696257
How do you know if you’re going through a midlife crisis? Asking for a friend,2019-11-01 01:56:17,kirsten__kell,Twitter for iPhone,1190085116107743232,https://twitter.com/statuses/1190085116107743232
"though the whole oh clone has an existential crisis and wants to steal the original's life story has kind of been done too many times for me to fully appreciate it, but the show was still a lot of fun to watch",2019-11-01 01:56:15,SmiffyLel,Twitter Web App,1190085108683792384,https://twitter.com/statuses/1190085108683792384
China Crisis - Wishful Thinking,2019-11-01 01:55:43,Radio_Manbassa,SAM Broadcaster Song Info,1190084974193577984,https://twitter.com/statuses/1190084974193577984
"America has a habit of solving one Crisis by creating another. 
                                                                ~Henry Kissinger.",2019-11-01 01:55:40,DrNawaz888,Twitter for Android,1190084961971384322,https://twitter.com/statuses/1190084961971384322
Lebanon crisis: President asks Hariri to stay on as caretaker PM https://t.co/9Qt70cgCyg,2019-11-01 01:55:39,benavu54,Twitter for iPad,1190084958745841664,https://twitter.com/statuses/1190084958745841664
@franifio I hope she quintuples down. I keep wondering how long it will be before the world splits up into progressive & right wing factions. I think it will be interesting for future generations to see which groups were more successful at surviving the climate crisis,2019-11-01 01:55:06,TimFVB,Twitter for iPhone,1190084819910307840,https://twitter.com/statuses/1190084819910307840
"Never in my life I dreamt that I'll be sitting, staring blankly at the wall, while taking a sip of my cheap red wine at 9am while having my headache and quarter life crisis as a breakfast.
I love it.",2019-11-01 01:54:57,minetwittah,Twitter for Android,1190084780726992896,https://twitter.com/statuses/1190084780726992896
"Found a person in a sleeping bag near home the other afternoon. It's not just London... other cities suffering too, although London does have a particular issue with v high rent.
https://t.co/sptlH0ZSVE",2019-11-01 01:54:51,StoneygateSound,Twitter Web App,1190084759109722112,https://twitter.com/statuses/1190084759109722112
@FreyaIsGone What a gamer crisis,2019-11-01 01:54:49,MemeBoiMark,Twitter Web App,1190084750372823040,https://twitter.com/statuses/1190084750372823040
In retrospect interning at Gawker In 2008 during the financial crisis was some kind of fucked up monkey paw shit,2019-11-01 01:54:43,Papapishu,Twitter for iPhone,1190084724150165504,https://twitter.com/statuses/1190084724150165504
"You know CoV's toothless Tenant Relocation Program, the one that gives evicted tenants more info about getting evicted? 
I knew I'd seen that crisis response template before -- BC's NDP proposed it to help distressed migrant workers:
https://t.co/mSF3nI1xZH #bcpoli #vanpoli",2019-11-01 01:54:31,7leninvan,Twitter Web App,1190084672518123520,https://twitter.com/statuses/1190084672518123520
"A solar-powered system can turn salt water into fresh drinking water for 25,000 people per day. It could help address the world’s looming water crisis. https://t.co/79UwXjUv4Q",2019-11-01 01:54:27,THEYIKESME,Facebook,1190084655241977857,https://twitter.com/statuses/1190084655241977857
@IngrahamAngle My original artwork of GG Bridge in crisis. https://t.co/9Oz5MsJuRZ,2019-11-01 01:54:09,gregory_moeller,Twitter for iPhone,1190084581199773697,https://twitter.com/statuses/1190084581199773697
"All the existential crisis tweets are a sneak peek at my upcoming Netflix comedy special, entitled ""capitalism didn't take into account that im sleepy""",2019-11-01 01:54:08,PlatypusInPlaid,Twitter for Android,1190084578024861697,https://twitter.com/statuses/1190084578024861697
Great project! The aviation industry is actively growing its emissions despite the climate crisis. https://t.co/PzHE2G7E1l,2019-11-01 01:53:54,alexkorban,Twitter Web App,1190084519610601472,https://twitter.com/statuses/1190084519610601472
@murpharoo This government is the CAUSE of the mental health CRISIS in this country.,2019-11-01 01:53:51,dj30057,Twitter for Android,1190084507421921280,https://twitter.com/statuses/1190084507421921280
@lovelypmlanddjh i know. i’m having a crisis over THIS.,2019-11-01 01:53:48,thehypepml,Twitter for iPhone,1190084493807370240,https://twitter.com/statuses/1190084493807370240
"Turkey imports all its energy needs, in foreign currency

Unemployment is rising, currently at 15%.

Turkey GDP lost 200 billion since 2013, sits at 766.

https://t.co/QVcO2m3mzt

https://t.co/U5CpJdLbgI",2019-11-01 01:53:36,DiweenHawezy,Twitter for Android,1190084441785409536,https://twitter.com/statuses/1190084441785409536
Steve Bannon Criticized Hong Kong Chief Executive Carrie Lam’s Incompetency of Handling Hong Kong Protesting Crisis https://t.co/lCHHPHeNTP via @Gnews,2019-11-01 01:53:34,MMF92691,Twitter Web Client,1190084436131368961,https://twitter.com/statuses/1190084436131368961
"It's INSANE that despite CA #homelessness crisis San Bernardino county won't let u stay in a trailer on your own land unless u got money/time for permits, inspections, septic system installation, utility hookups, etc. But u CAN stay in a trailer for up to 2 wks on BLM/public land",2019-11-01 01:53:25,Sasha_CA,TweetDeck,1190084398223253504,https://twitter.com/statuses/1190084398223253504
"been working for gawker for a long time and honestly it would be sick if we had like a solid year without a crisis that’s a larger metaphor for labor, politics, media and just America generally",2019-11-01 01:53:20,Papapishu,Twitter for iPhone,1190084376425615366,https://twitter.com/statuses/1190084376425615366
Sociology majors be like ugh I have an existential crisis due tmrw,2019-11-01 01:52:56,slimblimb,Twitter for iPhone,1190084273795223552,https://twitter.com/statuses/1190084273795223552
ZERO HEDGE reported: Credit Crisis Unfolds In China As Steelmaker Default Sparks Contagion Fears   https://t.co/mMDRzOoNTc,2019-11-01 01:52:50,ZNEWSNET,ZENITH NEWS,1190084251204632576,https://twitter.com/statuses/1190084251204632576
"@carolinedries What episode of Batwoman will be in Crisis? Given that Flash and Supergirl are on the same schedule as Batwoman, will it be Episode 9?",2019-11-01 01:52:32,AlexTheWhovian1,Twitter Web App,1190084174062862336,https://twitter.com/statuses/1190084174062862336
"My interview on @AlArabiya about US Turkish tensions. Two factors have contributed to the crisis. One is the invasion and two is the use of Jihadi militias 

https://t.co/NXPuaJc3od",2019-11-01 01:52:26,WalidPhares,Twitter Web App,1190084151178907648,https://twitter.com/statuses/1190084151178907648
"If not, you have a special meeting, not a rescheduled regular meeting. No scandal in holding them, but they don't cancel out the cancellation of all those regular meetings of what should be an extremely busy and active committee in the middle of a homelessness crisis.",2019-11-01 01:52:25,ericacbarnett,Twitter Web Client,1190084143654195201,https://twitter.com/statuses/1190084143654195201
“Whether a person emerges stronger or weaker from a crisis is not based so much on previous characteras on the kind of help he or she receives during the actual crisis.” – Kristi Kanel,2019-11-01 01:52:20,DrAaronNew,Twitter Web App,1190084123995574277,https://twitter.com/statuses/1190084123995574277
"@fcbfootballblog Crisis! X 49,999 more times",2019-11-01 01:52:19,amunti,Twitter for iPhone,1190084121302851584,https://twitter.com/statuses/1190084121302851584
"#FakeEducation
Where kids go to learn their identity? I agree, defund our public education system's identity crisis! Teach science and math for God's sake! https://t.co/Xn3STNSGao",2019-11-01 01:52:18,blightof,Twitter for Android,1190084115141406720,https://twitter.com/statuses/1190084115141406720
"Have you ever posted something inappropriate online that led to a crisis? Mot of the time, when you post something on your personal account, it doesn't cause a major conflict. If you are managing an account for a company, your words could cause a major conflict.",2019-11-01 01:52:02,its_schulte,Twitter Web App,1190084048309379073,https://twitter.com/statuses/1190084048309379073
"Chinese PMIs Unexpectedly Slide Further Into Contraction, Just Shy Of Post-Crisis Lows - @zerohedge https://t.co/zstkMcaqcg",2019-11-01 01:51:40,jmrenero,Twitter Web App,1190083954113679360,https://twitter.com/statuses/1190083954113679360
A journey down the Zambezi River shows the devastating impact of both floods and drought https://t.co/yf9QKzTu7p via @BW,2019-11-01 01:51:38,brunoelton,Twitter Web Client,1190083948623400960,https://twitter.com/statuses/1190083948623400960
"""moral crisis"" and ""neutrality"" ah yes absolutely the language of [checks notes] the Trecento of Dante and Petrarch",2019-11-01 01:51:35,fvguima,TweetDeck,1190083934798917632,https://twitter.com/statuses/1190083934798917632
California Housing Crisis Podcast: Should the state have limits on growth? https://t.co/2fjvZ7jJyR https://t.co/jETOLocYVe,2019-11-01 01:51:33,MarcelMartin35,dlvr.it,1190083925512609793,https://twitter.com/statuses/1190083925512609793
This really what it be like when you just living life ugly https://t.co/siCs8diXqj,2019-11-01 01:51:32,Sir_Crisis,Twitter for iPhone,1190083923004547072,https://twitter.com/statuses/1190083923004547072
"@Marco24123433 Without question our democratic republic is in crisis mode - it has been for decades. Americans are truly that flippant (possibly in denial)  about the state of the union.

Psy-ops abound. Mass migration, internally, is taking place (Cali. to Texas, NY to TX, etc.).",2019-11-01 01:51:16,kraigkelly,Twitter for Android,1190083856835239941,https://twitter.com/statuses/1190083856835239941
Crying https://t.co/siCs8diXqj,2019-11-01 01:51:03,Sir_Crisis,Twitter for iPhone,1190083803072602113,https://twitter.com/statuses/1190083803072602113
@greyxgordon this is giving me an existential crisis,2019-11-01 01:51:01,kaedodd,Twitter for iPhone,1190083793060876289,https://twitter.com/statuses/1190083793060876289
Credit Crisis Unfolds In China As Steelmaker Default Sparks Contagion Fears  | Zero Hedge https://t.co/wcvsriCKeg,2019-11-01 01:50:57,Latirus,Twitter Web Client,1190083777487351808,https://twitter.com/statuses/1190083777487351808
Let's talk about disrupting peoples lives in rural areas shall we @ScottMorrisonMP? We have to buy in water and keep our kids indoors atm bc of air quality. Driest ever year on record here = climate crisis threatening livelihoods here & now #howdareyou https://t.co/o3QHukpvWW,2019-11-01 01:50:42,Samantha_Vine_,Twitter Web Client,1190083714664976384,https://twitter.com/statuses/1190083714664976384
@ThomasJay32 Drake said he was 23 going thru a midlife crisis,2019-11-01 01:50:38,BaseLord_OT,Twitter for iPhone,1190083694968606720,https://twitter.com/statuses/1190083694968606720
economics majors be like damn i have to cause the next financial crisis this friday,2019-11-01 01:50:23,itsneeraja,Twitter for iPhone,1190083631299080194,https://twitter.com/statuses/1190083631299080194
"I mean...goals, truly. I wanna be Pharrell 40s, not mid-life crisis 40s. https://t.co/4dqPDAa33s",2019-11-01 01:50:01,CharleyBravoJr,Twitter for iPhone,1190083542597828608,https://twitter.com/statuses/1190083542597828608
"In the event of a crisis and the press, positive is always better than negative. Work to create a positive message. #ANS211",2019-11-01 01:49:58,lemosher22,Twitter for iPhone,1190083529864028160,https://twitter.com/statuses/1190083529864028160
"""In the next 20 years, as the climate crisis becomes worse and sea levels rise, Europe will be faced with millions of climate refugees mainly from the global South, will the answer be more walls and more borders?"" https://t.co/qDJazIA501",2019-11-01 01:49:40,KatmadaCon,Twitter Web App,1190083454517600256,https://twitter.com/statuses/1190083454517600256
"Germans referred to as “situational” allies. Lmao be more transparent. 

Nationalist prez of Venezuela painted as bad because he wants to end the economy’s dependence on oil, which led to America sanctioning it, which led to an economic and then humanitarian crisis. Unreal",2019-11-01 01:49:20,VassalOfChrist,Twitter for iPhone,1190083369436172288,https://twitter.com/statuses/1190083369436172288
"@Sharon_Kuruvila Stalin, despite public commentary, in retrospect considered de-kulakization the biggest crisis of his regime other than the Nazi invasion. The stats on lost lives and lost GDP published in Stephen Kotkin’s bio are staggering and Stalin knew all the details of how costly it was",2019-11-01 01:49:09,zenpundit,Twitter for iPhone,1190083322870935552,https://twitter.com/statuses/1190083322870935552
"had from 15 to 20 existential crisis while painthing this 
#comic #yoelsweapon https://t.co/uBXRBEWppL",2019-11-01 01:49:04,StarMasked420,Twitter Web App,1190083301438042113,https://twitter.com/statuses/1190083301438042113
Q&A: Advances in tehcnology can lower global TB rates https://t.co/LSfF1LtQ1U https://t.co/Iztu7bCwUP,2019-11-01 01:49:02,digitaljournal,digitaljournal,1190083293716320256,https://twitter.com/statuses/1190083293716320256
Tea Crisis in India - STiR Coffee and Tea Industry International - STiR is the international coffee and tea industry bi-monthly magazine https://t.co/7Vo2MwM4m9,2019-11-01 01:48:56,srvellanki,Twitter for iPhone,1190083268575543296,https://twitter.com/statuses/1190083268575543296
"Future applicants: If recent natural disasters or crisis has impacted your community, we understand what issues this might create for you in meeting application deadlines. If you have been impacted by such, reach out to us at admission@agnesscott.edu to talk about an extension.",2019-11-01 01:48:49,ASCadmission,Twitter for iPhone,1190083238053765123,https://twitter.com/statuses/1190083238053765123
hey i got cool boots and had an identity crisis wbu https://t.co/F8uS4D1Goj,2019-11-01 01:48:44,lrhvault,Twitter for iPhone,1190083217002565632,https://twitter.com/statuses/1190083217002565632
"Thank you to Julie Levine , of Roseland, for speaking out out about her experience surviving #DomesticViolence and for the reminder that so much financial and emotional support is needed right here at home.

https://t.co/VuQQde2BKQ",2019-11-01 01:48:43,WestEssexNOW,Twitter Web App,1190083213408047104,https://twitter.com/statuses/1190083213408047104
Kurdistan Region completes crisis response training with Germany  https://t.co/muU3X3KS76,2019-11-01 01:48:40,1973Ypsingh,Twitter Web Client,1190083200883679232,https://twitter.com/statuses/1190083200883679232
@Thomas1774Paine This is the real 'climate' change crisis. Even the penthouse is now too low to avoid the growing pile of manure NYC is turning into.,2019-11-01 01:48:37,mriendea,Twitter Web App,1190083188036644864,https://twitter.com/statuses/1190083188036644864
Quick im having a crisis in the cereal aisle what do i get cocoa puffs golden grahams pb capn crunch or fruit loops,2019-11-01 01:48:28,shiddyb33f,Twitter for iPhone,1190083151499907072,https://twitter.com/statuses/1190083151499907072
"""Climate crisis: business leaders say cost to taxpayers will spiral unless new policies introduced"" -- (as part of a CLOSED consultation process run by an unannounced 'expert panel' on emissions reduction run by Grant King of all people) https://t.co/ALW3Qd7cm6",2019-11-01 01:48:17,Stevie_Easton,Twitter Web Client,1190083103663853570,https://twitter.com/statuses/1190083103663853570
I just.. am I paranoid?should I care whether she's an attention seeker or not since she already said no?should I think of these kind of things sweet to have a love life?should I change citizenship to avoid these ppl or should I go to the moon? I'm having an existential crisis rn,2019-11-01 01:47:54,_cee90,Twitter Web App,1190083007324901376,https://twitter.com/statuses/1190083007324901376
@flooreditboy I’ve been crushing gym and thinking about getting a half sleeve. Quarter life crisis city dude,2019-11-01 01:47:46,KevSantino,Twitter for iPhone,1190082973292515329,https://twitter.com/statuses/1190082973292515329
"monsta x begins with seven members and will only end with seven members. they're family, now and forever. no one should be left behind in times of crisis like this. let's all pray and hope there is some good light and news to come.",2019-11-01 01:47:38,stanwujugirls,Twitter for Android,1190082940769689600,https://twitter.com/statuses/1190082940769689600
"@sarahkendzior We are wayy past a Constitutional Crisis, the GOP are supporting a dictatorship and pretending to participate in a Democracy.",2019-11-01 01:47:32,sfitzgeraldva,Twitter for iPhone,1190082914513408000,https://twitter.com/statuses/1190082914513408000
In times of crisis wise leaders build bridges and dumb asses build walls. Nigerian proverb.,2019-11-01 01:47:19,Mitchinkb,Twitter for Android,1190082859392020483,https://twitter.com/statuses/1190082859392020483
@IfSheBeWorthy This is Sapphire having an identity crisis! And also plotting my death! https://t.co/kr2okXoE6A,2019-11-01 01:47:15,YaneliGuti,Twitter for iPhone,1190082844820824064,https://twitter.com/statuses/1190082844820824064
"Staying calm, cool, collected, and having a plan is essential in any crisis. Work with those around you to communicate effectively. #ANS211",2019-11-01 01:47:08,lemosher22,Twitter for iPhone,1190082816102588416,https://twitter.com/statuses/1190082816102588416
Jughead using Batman voice to say his appetite increases 10 fold during times of crisis is amazing writing,2019-11-01 01:46:55,kpopber,Twitter for iPhone,1190082762503528449,https://twitter.com/statuses/1190082762503528449
"Medicine and the Mind: The Consequences of Psychiatry’s Identity Crisis
https://t.co/ClIyUzUBN3 via @NEJM",2019-11-01 01:46:54,pash22,Twitter for Android,1190082755889111040,https://twitter.com/statuses/1190082755889111040
"@rkecseg84 Democrats had been in control of #txlege until right after Y2K, and not once did they even try to pass a state income tax, even during the gas crisis of the 70s and the real estate bust of the 80s.",2019-11-01 01:46:41,GreatestTexan,Twitter Web App,1190082703263227904,https://twitter.com/statuses/1190082703263227904
"@LarrySabato Fascinating. Since I've seen it so often over the years, I can't judge. Hell, maybe the Democratic nominee should bring it back since the thought of Trump in the midst of a foreign policy crisis is chilling.",2019-11-01 01:46:26,MrWalterShapiro,Twitter Web App,1190082640176656384,https://twitter.com/statuses/1190082640176656384
okay... so I’m three episodes deep in season 6 of bojack... and I haven’t had an existential crisis yet????? whats going on???,2019-11-01 01:46:16,UberBenzy,Twitter for iPhone,1190082598174941184,https://twitter.com/statuses/1190082598174941184
"These #Sustainable, Fireproof, Weatherproof Geoship Domes Could Solve Today's Housing Crisis: Intelligent Living https://t.co/GH8hLR1XBv

MORE w/ EcoSearch - news: https://t.co/Z2392s1zC1 web: https://t.co/87QYDHUWu2",2019-11-01 01:46:03,EcoInternetDrGB,EcoInternet3,1190082544022118400,https://twitter.com/statuses/1190082544022118400
"The year is 2019. Crisis pregnancy centers that support, help and counsel young women facing troubled pregnancy are labeled as ""faux healthcare"" while killing their babies is considered healthcare. Babies lives are literally thrown down  the drain. https://t.co/uXWwfF1HwM",2019-11-01 01:45:59,bailey_ap7,Twitter for Android,1190082526045442048,https://twitter.com/statuses/1190082526045442048
"Questions for health, mental health, community services to ask in a mental health crisis: #VMIAC2019 https://t.co/NYonbJA10B",2019-11-01 01:45:57,WePublicHealth,Twitter for iPhone,1190082518227095552,https://twitter.com/statuses/1190082518227095552
"Digging deep down into well of stupid with this one. Apparently a ""Greek style debt crisis & economic collapse"" is on the way without mass immigration. SMH... Japan Must Either Open Up To Foreigners Or Face Economic Collapse
https://t.co/rGOmAhE7qo",2019-11-01 01:45:53,JoScoMac,Twitter for Android,1190082501944807426,https://twitter.com/statuses/1190082501944807426
Zeroing in on food security as agricultural impacts of climate crisis become more apparent https://t.co/sempgLk9dd via @physorg_com,2019-11-01 01:45:38,jjsmokkieBOY57,Twitter Web Client,1190082437025542145,https://twitter.com/statuses/1190082437025542145
@Matt_Belair Doing. I disagree with that because I'm of the understanding that philosophy wouldn't exist if we lived in a utopian world... People started asking the existential questions BECAUSE the world is literally going through one existential crisis after another. What do you think?,2019-11-01 01:45:38,xenakis22,Twitter for Android,1190082436949934080,https://twitter.com/statuses/1190082436949934080
"Okay, I just can't take it. 

/roll-dice2-sides20

..
 
BREAKING: Crisis averted! It actually finished. Patience is a virtue and one that was tested this day.",2019-11-01 01:45:30,Colin502,Twitter for Android,1190082402313482240,https://twitter.com/statuses/1190082402313482240
"As Bolsonaro meets with Xi, China silent on Brazil environmental crisis https://t.co/gm5BSTFJ0s via @Mongabay",2019-11-01 01:45:24,helgaleena,Twitter Web Client,1190082379098001408,https://twitter.com/statuses/1190082379098001408
"@GOP Lies. 
The USMCA is still in Committee. 
There are 250 bills sitting in the Senate that were passed through the house (some of which passed with bipartisan support) that #MoscowMitch refuses to bring to the floor, which includes dealing with the opioid crisis & 'scrips. 
YOU LIE.",2019-11-01 01:45:21,annedeuceofcups,Twitter Web App,1190082367043432448,https://twitter.com/statuses/1190082367043432448
We have united and sent resources to @UNOfQuackistan for the ISIS Crisis.,2019-11-01 01:45:15,GovNorwayRoblox,Twitter for Android,1190082339856101376,https://twitter.com/statuses/1190082339856101376
The way i want beryl to go into an icon crisis like ty usually does so he can get rid of the egg,2019-11-01 01:45:13,aItasmar,Twitter for iPhone,1190082332193103872,https://twitter.com/statuses/1190082332193103872
[45min Video] Business Summit w/ @RonPaul: Ways Out – How to overcome the current crisis >>  https://t.co/mTIaLVQfxJ https://t.co/VR0rzZYDkP,2019-11-01 01:45:05,GoAhead_Global,Hootsuite Inc.,1190082299314024449,https://twitter.com/statuses/1190082299314024449
"#michaelmann #collateral
L.A. Breakdown, a Hitman In Crisis: Michael Mann's 'Collateral' https://t.co/3gQ8XTnI58 via @LaFamiliaFilm",2019-11-01 01:44:45,francis26442497,Twitter Web Client,1190082213980856321,https://twitter.com/statuses/1190082213980856321
"Kaliwa Dam. A horror story from the same makers of EJKs and The Transport Crisis. Produced by China. Coming soon. 

https://t.co/sR3l4K8ZGM",2019-11-01 01:44:37,joeyalarilla,Twitter for iPhone,1190082180099166208,https://twitter.com/statuses/1190082180099166208
"@pauldutton1968 Today show a complete joke. Tried to blame Labor this morning for the aged care crisis , been in opposition since 2013.",2019-11-01 01:44:34,paulranisav,Twitter for Android,1190082168585801733,https://twitter.com/statuses/1190082168585801733
"@bradmeltzer Great picture. Happy Halloween.
And as always, thank you for Identity Crisis.",2019-11-01 01:44:24,NickWatchnStuff,Twitter for iPhone,1190082129301893121,https://twitter.com/statuses/1190082129301893121
"18/...certainly not an activist. For the sake of our sisters & brothers-in-arms, I hope Phares has been vetted for his mission — whatever that is — & and can offer meaningful aid to the Kurds on behalf of our government. This is a crisis of Trump’s making...",2019-11-01 01:43:51,GJGreenlea,Twitter for iPad,1190081990243962880,https://twitter.com/statuses/1190081990243962880
@danascuIIy ANOTHER CONCEPT kurt and rachel duet of Innocent Eyes when they have their NYADA crisis,2019-11-01 01:43:49,xoxogeorgiegirl,Twitter Web App,1190081980001439744,https://twitter.com/statuses/1190081980001439744
"Step 1: promise QLD to support those affected by drought
Step 2: sell off water supplies to an OS coal mining company
Step 3: blame climate crisis protesters for damage to QLD businesses
Step 4: change laws to suit neoliberal agenda
Step 5: see step 1

https://t.co/FIsAd4QZ9T",2019-11-01 01:43:45,timewaster2000,Twitter for Android,1190081963165507584,https://twitter.com/statuses/1190081963165507584
"@RenukaJain6 Highly regrettable that the PMC BANK crisis is being ineptly handled . At least on the face of it .

No definitive statement coming fm anywhere . Callous .",2019-11-01 01:43:43,TheOriental4,Twitter for Android,1190081953858408448,https://twitter.com/statuses/1190081953858408448
"For the love of Beebo, STOP SAYING CRISIS.",2019-11-01 01:43:39,carlafowler16,Twitter for iPhone,1190081940227051522,https://twitter.com/statuses/1190081940227051522
"Want to know what happens in a big crisis when there is a major drug shortage? Take a look around.

Why is there a shortage?
Why did this happen?",2019-11-01 01:43:18,RRalstonAgile,Twitter for iPad,1190081848694599682,https://twitter.com/statuses/1190081848694599682
"I hadn't considered this until this moment, if I hadn't student loans, I could have bought a condo in my 20's. Loan payment equalled my rent, double that and easily mortgage payment. https://t.co/b84RgObDRs",2019-11-01 01:43:15,mlg_lara,Facebook,1190081838401896450,https://twitter.com/statuses/1190081838401896450
What do a a few things that make a living by teaching people how to solve a social crisis?,2019-11-01 01:42:43,Zanen_Zabacca,Zanen Zabacca,1190081704289095680,https://twitter.com/statuses/1190081704289095680
ok crisis evaded i set everything back up on my laptop now im content back to work,2019-11-01 01:42:38,CristianMerkaa,Twitter for iPhone,1190081680888991746,https://twitter.com/statuses/1190081680888991746
"Tonight we pray for the momma who is tired of rushing around. Lord, it feels like all she ever does is rush from one place to another, from one task to another, from one crisis to the next. Lord, tonight, she... https://t.co/XetND1kOXi",2019-11-01 01:42:36,dysonphotograph,Facebook,1190081674358534144,https://twitter.com/statuses/1190081674358534144
"Frozen in time, US Embassy a monument to Iran hostage crisis https://t.co/Oyx84nXC1a https://t.co/326DVSDOJ8",2019-11-01 01:42:35,AndyVermaut,dlvr.it,1190081672135315456,https://twitter.com/statuses/1190081672135315456
"@NHL_Campbell No there hasn’t and put me down and one of the furious on this issue. Can’t believe the way this has been handled. Unless buff had a serious family crisis, he’s a coward and the nhl Jets are no better. The irony is that now the Jets may pay him anyway.",2019-11-01 01:42:15,joeroberts_1,Twitter for iPhone,1190081587813203968,https://twitter.com/statuses/1190081587813203968
@stalkeralker Midlife crisis krillin,2019-11-01 01:42:08,Scrubbing_Bublz,Twitter Web App,1190081556573908994,https://twitter.com/statuses/1190081556573908994
My culture is not your costume!!,2019-11-01 01:42:06,Sir_Crisis,Twitter for iPhone,1190081550341287936,https://twitter.com/statuses/1190081550341287936
"@Nationalist_KAG Democrats are NOT humanitarians. It is important for us to focus on this. We all should pressure our politicians to help solve this mental health & addiction crisis & we can help locally, just volunteer or donate services & items to a local homeless shelter, not RedCross or S.A.",2019-11-01 01:42:06,BUTTONEYES2,Twitter Web App,1190081547698749444,https://twitter.com/statuses/1190081547698749444
"@RealCandaceO https://t.co/JPf8PYhefe This is strange, scores across the board have fallen under Devos, so what is the GOP doing that has numbers going backwards? Not what was going on under the last Admin? Do your comments still apply?",2019-11-01 01:41:41,KerwinWilliams1,Twitter Web App,1190081442132451328,https://twitter.com/statuses/1190081442132451328
@CarltonFan99 Greek financial crisis?,2019-11-01 01:41:16,dixydeans1,Twitter for Android,1190081336863686657,https://twitter.com/statuses/1190081336863686657
Commentary: Fears of a financial crisis around corner drive US Fed’s rate cuts https://t.co/x2UeAwix90,2019-11-01 01:41:15,joseacontreras,WordPress.com,1190081335538393094,https://twitter.com/statuses/1190081335538393094
"@Melt_Dem Working 12-hour days a financial journalist covering the exhausting, relentless fallout from the worst financial crisis in 80 years, completely oblivious that an invention had been floated to address elements of the core problem behind it all.",2019-11-01 01:41:00,mikejcasey,Twitter Web App,1190081270392344577,https://twitter.com/statuses/1190081270392344577
Apparently Halloween is the socially acceptable time to have an identity crisis. https://t.co/RVIrG3SpJc,2019-11-01 01:40:42,lexilazarus,Twitter for iPhone,1190081198346973185,https://twitter.com/statuses/1190081198346973185
A Fitbit For Your Brain? UIC Psych Lab Develops Free Artificial Intelligence Apps To Help Address Mental Health Crisis https://t.co/WP2H5hL5Jh via @BlockClubChi,2019-11-01 01:40:42,pshrink,Twitter Web Client,1190081195972997120,https://twitter.com/statuses/1190081195972997120
No new wall is being built. Only replacement panels. He’s redirecting funds based on his phony ‘crisis’ and it’s harming our military members and their families. All for a fucking campaign slogan. How ANYONE connected to our military could vote for this liar-in-chief is beyond me https://t.co/vtSNWI5q9e,2019-11-01 01:40:34,TheLadyLibraLA,Twitter for iPhone,1190081160900014080,https://twitter.com/statuses/1190081160900014080
Venezuela refugee crisis: 'we are beginning to see outbreaks of xenophobia' | Euronews https://t.co/x7oeZ6OmyJ via @skinnergj,2019-11-01 01:40:20,skinnergj,Twitter Web Client,1190081105250009088,https://twitter.com/statuses/1190081105250009088
"#English  | When you are struggling in an exhausting crisis, that has been splashed with blood and has prolonged for a year and a half, you can't lose sight of the fundamental objective https://t.co/fdjiugRwHG",2019-11-01 01:40:12,confidencial_ni,Echobox Social,1190081072333242370,https://twitter.com/statuses/1190081072333242370
"every time i go to my first gen class, i always have an existential crisis about my career",2019-11-01 01:40:09,rvptide,Twitter Web App,1190081056956768256,https://twitter.com/statuses/1190081056956768256
Never have I wanted to enroll myself in an identity crisis program harder seeing as my new boss found my FB to add me to the unit group & pulls up a picture of me blacked out on four loko w eye liner down to my fucking chin raving in 2011 & asked to print it out for his fridge...,2019-11-01 01:39:42,gaaaaaaabz,Twitter for iPhone,1190080943312248833,https://twitter.com/statuses/1190080943312248833
i having a big jungkook crisis... again... at 3am... i love so much i’m sorry i can’t shut up he truly means the world to me,2019-11-01 01:39:41,saturnejeon,Twitter for iPhone,1190080941101928450,https://twitter.com/statuses/1190080941101928450
"I like transparency,especially when it exposes dirty,corrupt political activity But along with attempts to promote transparency,there will also be attempts to suppress it,by...guess...dirty,corrupt politicians,who have something to hide.A new crisis created,to deflect attention?",2019-11-01 01:39:32,TennisOnMyMind,Twitter Web App,1190080901914529793,https://twitter.com/statuses/1190080901914529793
